input,intermediate,cpu,gpu,cpu_bits,gpu_bits
0,R,-8.568142540753e-3,-8.568142540753e-3,bc0c6165,bc0c6165
0,G,-7.224661763757e-3,-7.224661763757e-3,bbecbcdb,bbecbcdb
0,B,1.205675378442e-1,1.205675378442e-1,3df6ec1d,3df6ec1d
0,Y,4.842877388000e-7,4.836505809180e-7,35020000,3501d437
0,initial_z,2.690483597689e-6,2.741810021689e-6,36348e28,3637fff0
0,contrast_z,2.608140675875e-6,2.657896175151e-6,362f0784,36325e4f
0,black_region,1.475652425142e-6,1.490116119385e-6,35c60f08,35c80000
0,after_black,2.599286744953e-6,2.648955387485e-6,362e6f68,3631c4b5
0,shadow_region,1.773675649019e-6,1.758337020874e-6,35ee0f08,35ec0000
0,after_shadow,2.631212964843e-6,2.680605348360e-6,363093e5,3633e473
0,highlight_region,4.768371582031e-7,3.874301910400e-7,35000000,34d00000
0,after_highlight,2.615000539663e-6,2.667432681847e-6,362f7d5e,36330225
0,white_region,2.011656761169e-7,2.160668373108e-7,34580000,34680000
0,after_white,2.617012114570e-6,2.669593413884e-6,362f9fed,36332744
0,expm1,2.617015525175e-6,2.669596824489e-6,362f9ffc,36332753
0,gain,9.726920127869e-1,9.935425519943e-1,3f790258,3f7e58ce
0,out_R,-8.334163576365e-3,-8.512814529240e-3,bc088c04,bc0b7955
0,out_G,-7.027370855212e-3,-7.178009022027e-3,bbe645dc,bbeb3581
0,out_B,1.172750815749e-1,1.197889819741e-1,3df02deb,3df553ed
1,R,-8.568155579269e-3,-8.568155579269e-3,bc0c6173,bc0c6173
1,G,-7.224654778838e-3,-7.224654778838e-3,bbecbccc,bbecbccc
1,B,1.205675229430e-1,1.205675229430e-1,3df6ec1b,3df6ec1b
1,Y,4.842877388000e-7,4.841639338338e-7,35020000,3501f77e
1,initial_z,2.690483597689e-6,2.741810021689e-6,36348e28,3637fff0
1,contrast_z,2.608140675875e-6,2.657896175151e-6,362f0784,36325e4f
1,black_region,1.475652425142e-6,1.490116119385e-6,35c60f08,35c80000
1,after_black,2.599286744953e-6,2.648955387485e-6,362e6f68,3631c4b5
1,shadow_region,1.773675649019e-6,1.758337020874e-6,35ee0f08,35ec0000
1,after_shadow,2.631212964843e-6,2.680605348360e-6,363093e5,3633e473
1,highlight_region,4.768371582031e-7,3.874301910400e-7,35000000,34d00000
1,after_highlight,2.615000539663e-6,2.667432681847e-6,362f7d5e,36330225
1,white_region,2.011656761169e-7,2.160668373108e-7,34580000,34680000
1,after_white,2.617012114570e-6,2.669593413884e-6,362f9fed,36332744
1,expm1,2.617015525175e-6,2.669596824489e-6,362f9ffc,36332753
1,gain,9.726920127869e-1,9.924890995026e-1,3f790258,3f7e13c4
1,out_R,-8.334176614881e-3,-8.503801189363e-3,bc088c12,bc0b5387
1,out_G,-7.027363870293e-3,-7.170391269028e-3,bbe645cd,bbeaf59a
1,out_B,1.172750666738e-1,1.196619495749e-1,3df02de9,3df51153
2,R,9.063627570868e-2,9.063627570868e-2,3db99f83,3db99f83
2,G,-3.735327348113e-2,-3.735327348113e-2,bd18ffbf,bd18ffbf
2,B,2.555511891842e-2,2.555511891842e-2,3cd158f8,3cd158f8
2,Y,4.877801984549e-8,4.931533581498e-8,33518000,3353cec9
2,initial_z,2.709889486141e-7,2.384186075233e-7,34917c70,34800001
2,contrast_z,2.626952095852e-7,2.311217031092e-7,348d088e,34782a40
2,black_region,1.434859200344e-7,1.192092895508e-7,341a111c,34000000
2,after_black,2.618342875849e-7,2.304064423697e-7,348c923b,347765a4
2,shadow_region,1.732882424221e-7,8.940696716309e-8,343a111c,33c00000
2,after_shadow,2.649534849297e-7,2.320157648228e-7,348e3eee,34792002
2,highlight_region,2.980232238770e-8,0.000000000000e0,33000000,00000000
2,after_highlight,2.639401941451e-7,2.320157648228e-7,348db3aa,34792002
2,white_region,2.235174179077e-8,-7.450580596924e-9,32c00000,b2000000
2,after_white,2.641637024681e-7,2.319412573115e-7,348dd262,34790b87
2,expm1,2.641637308898e-7,2.319412857332e-7,348dd263,34790b89
2,gain,9.748135209084e-1,8.465811610222e-1,3f798d61,3f58b98b
2,out_R,8.835346996784e-2,7.673096656799e-2,3db4f2aa,3d9d2520
2,out_G,-3.641247749329e-2,-3.162257745862e-2,bd152540,bd0186ad
2,out_B,2.491147629917e-2,2.163448184729e-2,3ccc1327,3cb13acc
3,R,9.063632786274e-2,9.063632786274e-2,3db99f8a,3db99f8a
3,G,-3.735328465700e-2,-3.735328465700e-2,bd18ffc2,bd18ffc2
3,B,2.555519528687e-2,2.555519528687e-2,3cd15921,3cd15921
3,Y,6.076879799366e-8,6.013041087272e-8,33828000,3381210b
3,initial_z,3.376043764547e-7,3.576278686523e-7,34b53ffe,34c00000
3,contrast_z,3.272718629432e-7,3.466825262421e-7,34afb3e7,34ba1faf
3,black_region,2.080625733925e-7,2.384185791016e-7,345f67ce,34800000
3,after_black,3.260234961999e-7,3.452520047631e-7,34af0854,34b95b13
3,shadow_region,2.378648957801e-7,2.086162567139e-7,347f67ce,34600000
3,after_shadow,3.303050561954e-7,3.490071094348e-7,34b154c8,34bb5f2c
3,highlight_region,5.960464477539e-8,0.000000000000e0,33800000,00000000
3,after_highlight,3.282785030478e-7,3.490071094348e-7,34b03e41,34bb5f2c
3,white_region,2.235174179077e-8,-7.450580596924e-9,32c00000,b2000000
3,after_white,3.285020113708e-7,3.489326161343e-7,34b05cf9,34bb54ef
3,expm1,3.285020682142e-7,3.489326445560e-7,34b05cfb,34bb54f0
3,gain,9.730384349823e-1,1.044527649879e0,3f79190c,3f85b315
3,out_R,8.819263428450e-2,9.467215090990e-2,3db49e57,3dc1e379
3,out_G,-3.634618222713e-2,-3.901653736830e-2,bd14dfbc,bd1fcfce
3,out_B,2.486618794501e-2,2.669310756028e-2,3ccbb42d,3cdaab81
